"","x","y"
"1",0.296253096711905,2.1838379242759
"2",-0.273121773006146,-0.312898988287739
"3",0.189790439049065,2.23338031944957
"4",-0.338204243919155,1.29819014931168
"5",1.27095444770333,4.62268000628278
"6",0.908607631378143,2.70928202266975
"7",-1.24804908449466,0.187284365604698
"8",0.109206011202993,1.45314748445311
"9",-0.656617390299081,-1.23396017935878
"10",0.501168533669565,-0.278094051184121
"11",-0.428750878023789,-1.64022706123282
"12",-0.0964497460549412,0.771975034591197
"13",-0.505217503993648,0.500110818245269
"14",0.10003200396814,1.40342933387254
"15",1.12027569302844,2.84895773932487
"16",1.1753129234856,4.37313242455691
"17",0.569023604533114,2.10335645042688
"18",0.258566169920913,2.11567783798932
"19",-2.64879088124633,-4.88843949073921
"20",-1.86617905220754,-2.34507953101575
"21",0.0235509840411554,1.30278562598196
"22",0.166322737501677,2.88246149605176
"23",-2.01099628666294,-2.83804684952503
"24",-0.313953144939609,0.508816061722729
"25",-0.850078502172768,-0.179702045602819
"26",1.2591839090949,4.17169315210251
"27",-0.296692710087709,-0.804525775745526
"28",-0.952108266915433,-1.16417511126864
"29",-0.650193568364047,-0.345278584270424
"30",-1.02054775515121,0.666394046435569
"31",0.844897534921897,3.86753448628885
"32",1.59626584182654,4.11991845866101
"33",-1.57445164050682,-1.94874320982415
"34",1.30095509852888,3.59288487410807
"35",-1.66292142009921,-2.71095913894653
"36",-1.25507971270729,-2.43102396797673
"37",0.265216063035546,2.78045132615146
"38",0.378613359730023,2.11276233675645
"39",0.364424770598194,-0.344798827722891
"40",2.00632680510172,4.68876112571958
"41",-0.655919392613586,-0.517538853276763
"42",-0.213882596005649,0.835108582748534
"43",2.20472917267613,6.03361338478348
"44",-0.934055392571877,-1.19468367310582
"45",-0.855423599999892,-0.954687853586913
"46",-0.0717697232312498,-0.924564511768001
"47",-0.946486191278066,-1.48360372597487
"48",2.48179957245924,6.47587215626249
"49",-0.527794229306905,0.455788916104727
"50",-1.14391983164917,-0.650532202331641
"51",0.476155380746039,-0.0372926118175327
"52",-0.0535019195355815,1.27221492620454
"53",-1.67368143891802,-1.32510528691837
"54",0.0312605860928367,0.25110667818913
"55",-0.62875687988118,0.472080436475779
"56",0.251384287455001,-1.7322814746066
"57",1.10733554262034,2.41675792811043
"58",1.06886706279857,2.15226502155079
"59",0.127273449818465,2.70015714360282
"60",-0.190343974433807,0.951634866324263
"61",0.613759321830106,2.15872614000589
"62",1.58521025876003,4.72552000092391
"63",-0.778847835164997,0.423762731866804
"64",-1.48672124969781,-1.58308134555309
"65",-1.52127618791977,-2.09976465740998
"66",-0.934047673731349,-0.26139334158081
"67",-0.275569032330306,1.14149130411212
"68",0.377290181173432,2.48407985105694
"69",-1.24193010862747,-0.707172619169637
"70",-0.507984852501019,-0.136857045883785
"71",-0.673504834645504,-0.0962156333151189
"72",1.38211150395046,3.49815251008387
"73",0.124233480139123,1.11214051659269
"74",-0.59387369523533,0.359659923753217
"75",-1.18427714070176,-0.503973422123431
"76",-1.58426048363938,-3.31172355967763
"77",-0.649573475259692,-1.17151426450999
"78",0.815881800909146,2.7860305085748
"79",0.125518956577075,0.452568770286286
"80",0.756462414552601,2.64271764116221
"81",1.60667444426205,2.89513009769781
"82",0.0274606961767663,0.343609273070458
"83",0.778823562042862,1.94673084181449
"84",0.569752580292968,2.66552136672945
"85",-0.374639838057731,-0.388262736917617
"86",0.0803383615618808,0.946369920153871
"87",-1.37705935136221,-2.76803510484832
"88",-1.18339505724987,-1.46943242940913
"89",-0.143012459452134,1.71214810653812
"90",1.12433795849414,2.35805370040408
"91",2.21679724065887,5.37147650133368
"92",-1.24445073216916,-1.40136657246923
"93",1.40509895716186,3.13554472557207
"94",0.543272201510325,1.46318801115311
"95",0.576038121701534,1.11321930990014
"96",0.523012234121728,1.86602394599637
"97",0.0238101577643254,-0.561209514401548
"98",0.472593111212432,2.49098224170502
"99",1.36589954652698,3.12759556364042
"100",0.181326734003023,1.02522719242038
"101",-2.21951505734576,-4.07957721432657
"102",-0.567346928494899,-2.00863790019225
"103",-0.152117836524547,-0.645827725052732
"104",0.733149519518932,3.40587490932171
"105",-0.261457139391126,0.0818177246644655
"106",-0.432010728781921,1.38472721560379
"107",-0.137855129427106,0.459822137976702
"108",-0.843026069182466,-1.19749082884093
"109",0.587925417114935,1.1560031105371
"110",-3.02771214323401,-4.91387549790322
"111",0.497249994182576,2.57271380406151
"112",0.200159565922194,1.64229643431211
"113",0.989937209295866,4.32350903852836
"114",-0.116413201673326,2.02471154592537
"115",1.83661734275001,4.67101612267784
"116",-1.5990328107107,-2.90999989097075
"117",0.763503552999967,3.21765947403649
"118",1.5844808043515,3.46095692261707
"119",0.278058463181366,0.370908523844557
"120",-0.535926722025205,-1.5836851462362
"121",0.510892724760565,2.91673127819908
"122",-1.62865710061653,-1.44809433667484
"123",-0.744588081962757,-1.41212822872714
"124",0.647590413410272,0.760638105732137
"125",0.259976095912657,0.994051868568422
"126",-0.532440419241831,0.568134600425872
"127",0.951983431013393,3.42757635000249
"128",-0.641574777909799,-0.325235108113687
"129",1.28166764428982,3.66465477225731
"130",-0.108597441430416,-0.853316949932572
"131",-0.166509026873034,0.98390766692436
"132",0.305600849723829,1.30315021493876
"133",-2.59753331902689,-5.07713571873636
"134",0.864508141951123,3.25070324684537
"135",-0.813720886154341,-0.787723720094675
"136",-1.31571191898053,-4.27897852256875
"137",-0.24088715852735,1.04661508148039
"138",0.29454532750161,0.352799385349176
"139",-0.0708113310696143,1.27797430248754
"140",-1.86378014383303,-2.72822766849686
"141",-0.120204908158101,0.512638641847169
"142",0.767808064907449,1.90615608753111
"143",0.852068749065514,1.13870086219064
"144",-2.2152513885789,-2.55522358169254
"145",-0.252135845869448,1.27256896083231
"146",-0.282357860618077,0.382976728864355
"147",1.85431713779835,4.13340757708027
"148",-1.30995905659757,-1.89364233610595
"149",1.0167872194367,1.63383134451949
"150",0.949231263413157,1.7682569196239
"151",-0.108897423008966,0.574364137871252
"152",-1.20609537550757,-0.594658543395742
"153",0.19641797177716,1.33416258108111
"154",0.411819161023752,1.23125922889274
"155",0.648827085654656,3.7761715396885
"156",-0.683774783730068,-0.722467397237218
"157",-0.416256960309741,-0.0197789303896478
"158",-0.838878119436893,1.13952222317141
"159",-0.286854073051646,0.873859206264687
"160",0.321568252159439,2.69927263143369
"161",0.613330559251288,1.52669132170524
"162",-0.973808987332472,-0.304617225935828
"163",0.0703604345553969,1.58342033163002
"164",0.495927020012173,3.09085459150513
"165",0.321971087876304,2.69190934155113
"166",-1.53892637712426,-2.3010354407269
"167",-1.2166926288081,-2.42762832031998
"168",-0.52833839131652,0.860449823468265
"169",0.286557434521691,1.79388940869186
"170",0.382838794294417,0.775742725127091
"171",0.0174690987082142,0.0173192706310388
"172",0.79116882418122,1.65810214277874
"173",1.11317344730428,2.67378121954754
"174",-0.388261906672205,0.324450375596256
"175",-0.576370829115468,-0.399854323520435
"176",0.511969504675097,0.0834158609277997
"177",2.52209503731504,4.96375719159469
"178",-1.39088786873723,-1.02628871043462
"179",1.17101382877232,3.9403422323083
"180",0.777010620559808,2.99710060088152
"181",-0.490633358062536,-0.358801597455322
"182",1.9289102678938,3.52935873628617
"183",-0.117001912165715,-1.26135457062156
"184",-0.217127537585701,1.24211886787602
"185",-1.4645755923167,-1.45689431782592
"186",1.44601217466777,4.87277100153145
"187",1.89517621181392,4.83651684209419
"188",-2.21637370493822,-2.98431283808687
"189",1.37037790094309,3.09541533648198
"190",-0.343473031329944,1.50620272607572
"191",-1.009603098797,-1.33885351833866
"192",1.18250368467302,2.1957834810155
"193",0.286961280383203,0.0682218732091178
"194",2.40359932982591,5.54476087794087
"195",-1.55863528468851,-1.32469764158176
"196",-0.75688475871284,-0.844246824683579
"197",-1.04235812133531,-1.89153983793579
"198",-0.639795316012535,-1.36841028714268
"199",-0.965547290652111,-1.48769693656738
"200",-0.0121992266899644,-0.804079643511424
"201",1.79073036145083,5.48379657418065
"202",-0.908300745032473,0.471302377789217
"203",-0.214968825716887,-0.0565489941022436
"204",-0.0147826779285962,2.39683080441699
"205",-0.135084088809244,-0.212085538711146
"206",-0.275317858561472,-1.00914102791491
"207",0.766318066591308,1.96282514217246
"208",0.567141873199636,2.40043230192607
"209",0.300506325458368,-0.869224111118713
"210",1.10648672288626,4.12552767082605
"211",-0.420776020751495,0.44441117491503
"212",0.47012423218502,1.81382933655067
"213",0.539082481074165,3.07377939870332
"214",-0.618038829548498,0.362103348201553
"215",0.158306847201164,0.451124592300946
"216",-0.794422846997263,1.48583786998516
"217",0.460241231801719,1.71254303629285
"218",1.23062930907587,2.63135274936311
"219",0.0430800825414358,1.22609342058763
"220",-0.545382448349641,-0.572403145300272
"221",0.325491503966909,0.290850404592577
"222",0.989585450833994,2.20060422110432
"223",0.649876750340122,4.48649119312613
"224",0.708980056630843,4.47870991961579
"225",0.471432298376953,0.678697058462399
"226",-0.45097826575101,1.7974509421382
"227",0.308460468669324,1.4726087138664
"228",1.43388295361542,3.32327871546246
"229",-1.02593687169765,-2.47306911774441
"230",1.77187683607819,1.97887744484156
"231",-0.638743170434914,0.373407699882248
"232",-0.754813525236658,-0.835417984911448
"233",-1.72626993721444,-1.86395837536398
"234",0.543884136441044,2.61030527684574
"235",-0.18404807347584,-2.17930393043902
"236",-1.94056718033599,-2.36489344537283
"237",0.0576621811891605,-0.642673152841591
"238",0.773894109464308,3.71299647949737
"239",-0.752309033037668,-1.90364860104477
"240",-0.149436299929388,-0.0896665288664851
"241",0.263978498614917,1.85633453909422
"242",0.211821633268029,2.38002983247177
"243",-0.0743423739790689,2.1541961039544
"244",0.406585817112533,4.0319645095064
"245",-0.96360036686216,-1.38396214436268
"246",-1.57664922522616,-2.16143602644081
"247",-0.194365474374431,3.02563923837365
"248",-0.223380508712305,1.16564502776049
"249",0.382642914445072,0.703119720436918
"250",0.565172844447127,3.33548115594288
"251",-0.869419107896617,0.21204114578711
"252",0.226925574474428,-0.34392561077139
"253",1.4131753198693,1.88810216704268
"254",-0.444500943727977,0.409784063452696
"255",0.417784940323431,1.87592255427262
"256",0.86527852623502,2.09022879188297
"257",0.122904678707606,1.56780427247182
"258",-1.90644388901283,-3.97221083424715
"259",0.194545540607135,1.20173134896131
"260",0.131030732039123,1.61541803062742
"261",0.544853207784783,3.10193435919394
"262",-0.935340433196922,-0.47898109763511
"263",0.708424452783615,1.77743419468526
"264",-0.267151213062181,0.990957853129825
"265",-1.57229138946683,-1.00476482071213
"266",-1.3221016705196,-0.405730216190824
"267",0.0691238175527615,1.88564665647882
"268",0.155495437086392,-0.262222892684012
"269",1.16927563547658,3.34914728237145
"270",0.837298915566678,2.810670048445
"271",-0.887092401019099,-1.25855548811291
"272",0.752614026357228,1.2769419775527
"273",0.174849680635805,1.94020953785371
"274",0.857045262615677,3.48311965749199
"275",-1.04431659727081,-1.18313509517416
"276",-0.894574493023731,-1.62640493060784
"277",-0.592825311987524,0.520328993630787
"278",-1.39864671894748,-2.21605605334868
"279",-1.13275321931324,-1.17316935508051
"280",0.046324360661766,1.35471164739019
"281",1.51612685881825,4.05157879996841
"282",-2.39030239933492,-3.89230740119807
"283",-1.27328269811843,-1.51306467172056
"284",0.486695574144475,3.16038814122921
"285",-0.276125870134366,0.178207839904056
"286",-1.0426165135999,-0.916189780973465
"287",-0.278861043075881,0.374023768949576
"288",0.194543538837873,0.674574726930955
"289",0.0648194542000113,2.71723017363154
"290",-0.46756968017944,-0.465643987838852
"291",-0.182054701547694,1.161256109358
"292",-1.5550350614934,-2.85645801926467
"293",0.482680087812932,1.3413629346061
"294",0.432348681487385,1.31833537700977
"295",0.812679295661383,1.62283204534782
"296",-0.543016435818455,-0.348959873741614
"297",-2.25907512381578,-3.94171082971974
"298",0.35427726051597,1.39197537428378
"299",-1.01885245352266,-1.19632080754706
"300",-0.631810206853419,1.80033823816462
"301",-1.27945256891145,-2.91876055542829
"302",-0.038924928010272,1.57305486271121
"303",-1.08224123893344,-1.03148930518512
"304",1.33364163672219,2.9022013515504
"305",-1.05968630074783,0.774179402385166
"306",1.25137851092013,4.08549001178677
"307",0.0782325739107759,1.24693617819469
"308",1.17038182230117,3.50907817781026
"309",1.20667861268235,3.71477517956818
"310",-1.50316148537003,-2.85562769345211
"311",0.389620107915553,1.40536796080759
"312",0.470929035640667,2.07725884708067
"313",0.73215686567771,1.81070643967531
"314",-0.587182478104391,-2.40964751280824
"315",0.0907311053862885,-1.08752782381392
"316",0.607393998665906,0.512010208709772
"317",-0.970838062439174,0.704596843487992
"318",0.503676484748584,2.39597979027477
"319",0.23862156202963,1.21164307728787
"320",-0.165131576352338,-0.279288107230354
"321",0.89306962658647,2.13692574791279
"322",0.760725258815674,3.67382937164577
"323",0.029803802367763,0.703091474432791
"324",-0.526849929507266,-0.805795833816728
"325",-0.0575584208071535,0.444160277834925
"326",-0.176574995836224,-0.379081894796305
"327",-0.329790275648053,-0.218499387998514
"328",0.163772055298282,0.750572996986067
"329",-0.11683790383082,-0.507410150603068
"330",0.887011629717852,4.32673465502571
"331",0.524409251663277,2.9603082692847
"332",-0.703878714070887,0.0115306081264284
"333",-0.300047059662687,-0.461890375393528
"334",-0.534722591672568,-1.27039361886284
"335",-2.07462296095763,-2.74624399049249
"336",-1.68864891400674,-2.60146166836728
"337",-0.132648502116427,1.17703299949517
"338",-1.1341259115043,-1.76598308804047
"339",0.786989571702841,1.89441211321847
"340",0.567188589965514,3.92581833330473
"341",-1.46116865242138,-2.72308169959903
"342",1.16588680421691,4.02375400618681
"343",0.633541419457725,1.31370780817403
"344",0.234838547194617,0.635995846419312
"345",0.568799856734105,3.75063384813011
"346",0.18941936819112,0.375595673180398
"347",0.610798976623527,-0.456388008999613
"348",0.7292497956011,3.55717947834934
"349",1.0989549088851,1.08014909995901
"350",0.67410952136196,3.16732458634721
"351",0.920133356935205,3.58969680607454
"352",0.409234997659521,2.54176294488394
"353",-0.106529244400209,0.0175256601922524
"354",-0.476179044461408,0.0576088784062324
"355",-0.847336273183987,-0.0537693964264975
"356",0.647962349473201,1.3632592003926
"357",0.92023540682304,3.1534657766553
"358",2.54464136342465,4.83556162916163
"359",1.25976923130228,4.12226642047638
"360",-1.15817462334011,-0.764000414131926
"361",1.13035568445073,3.07570752258459
"362",0.961441183726699,3.48043180146682
"363",-0.113274703418084,0.507185795235603
"364",0.571250305418119,2.05297508951291
"365",0.157100736776254,2.94152455602185
"366",-0.131773181397848,0.325352123627384
"367",-1.5982469497214,-2.98771988260185
"368",0.245500068008938,1.46783021288509
"369",0.589820984817332,1.05410971699897
"370",0.439122483721316,1.11350496158988
"371",-0.871305959138952,0.131656214730501
"372",1.03369510288986,2.4382687927521
"373",-0.755645321672664,-1.27701592453858
"374",-2.16749152867923,-4.91166101267709
"375",-1.04082626698084,-2.5087148875251
"376",0.208589925669885,0.428478345404172
"377",0.0287550919362256,2.3431859965127
"378",1.20801794016369,2.97229121767382
"379",0.257321760938506,1.77327491431212
"380",-2.82317902407195,-2.92731812040609
"381",-0.305070739855034,0.185804730616482
"382",0.0528989095738278,1.34267947731466
"383",-1.58866827626056,-1.95655803201191
"384",-1.00184203623615,-1.29355177956426
"385",1.10118922514618,3.25902401775019
"386",-0.13348497948366,0.856588776933584
"387",0.171035439951502,-0.612992129629876
"388",0.49059425112241,0.976094116405637
"389",1.18835489372439,4.91153407770733
"390",1.35259455693718,3.76618158064966
"391",-0.247711145147226,-0.838917563273917
"392",1.60275447965224,4.11513055879302
"393",1.17690426221387,1.26125580003313
"394",-1.03048158643447,-1.63152404812529
"395",0.274522250984517,3.43439292486101
"396",0.341880268603989,0.725942171252276
"397",-0.998658129096128,-1.59586762633329
"398",0.837826424203349,2.23026316927371
"399",0.65883858912314,3.63178508980142
"400",-0.763167834681677,-1.72305483285774
"401",-0.613190437544136,0.90378437643097
"402",0.81527348694626,3.71226780857797
"403",1.82911772914449,5.24716076795089
"404",-0.206406574835074,0.442235091685988
"405",-1.06028583939463,-2.32649986370109
"406",0.571174514572165,2.20467890207305
"407",1.75035249950186,3.65390972547876
"408",1.95581525741703,5.42428150321661
"409",-0.155834022108264,1.23793573424875
"410",-0.448690230451485,-1.1504555121334
"411",-1.55674836537505,-0.977597612868946
"412",-0.894416523175768,0.101292644625391
"413",0.186073877278665,1.14441134797854
"414",0.126109422296736,2.34848900833093
"415",-0.418422622263061,-1.39673077958871
"416",1.11076405214785,2.40940868437894
"417",-0.890658266766276,-3.26091113793641
"418",-0.750931924087161,-1.49683810814318
"419",0.202854640575266,0.635843763521747
"420",1.19515368453273,2.74545417323321
"421",-0.943430885806597,-0.802509066328362
"422",0.227455152641075,0.528660405812883
"423",0.0831754705026522,-0.37458926335863
"424",0.942160985870757,1.85642093476254
"425",-1.55559738936616,-2.33051227883454
"426",-0.523513224642163,-0.747651945858908
"427",0.166538650979506,2.07744040432669
"428",1.91581489292495,4.46822536876541
"429",0.397719810749286,2.3314664236037
"430",0.226648573411239,2.00815281691757
"431",0.938163088655627,3.22450749962958
"432",-0.330196789457805,0.478315613328474
"433",-0.163702321503477,0.670083942630463
"434",-1.69837700256646,-1.46699008979375
"435",0.0120904999646054,1.32345367164587
"436",-0.541445027438848,0.116845378264645
"437",0.87399315766284,2.73008974365898
"438",1.72033582257913,3.35593980237072
"439",-1.29646428602396,-1.61773259354901
"440",-0.0708168365594847,0.067117267653137
"441",-1.48721856778019,-2.26894578006385
"442",1.34995906218228,3.56847874746111
"443",-0.59531615738291,-1.00251414869367
"444",-0.379328563915713,-0.0428240266384992
"445",-1.78281773386426,-3.02053743385452
"446",0.875758822693003,3.00192686174168
"447",-1.35270348855849,-3.02249490851151
"448",1.41526644928916,4.05347982979371
"449",-2.32252197138489,-2.8469921272801
"450",0.723896606123815,1.79210864154165
"451",-0.30312385518927,0.161081725954211
"452",-0.139239935328463,0.777239283113344
"453",-0.0510726690206198,0.125979320990305
"454",-0.202178453659261,0.547619551908506
"455",0.599291033440863,3.01266555579759
"456",-0.332031408145986,1.23941210071786
"457",-0.681777551350481,0.547823513937892
"458",-0.38060032674891,0.393120704480869
"459",-0.409936753313892,1.42982056769976
"460",-0.144373663537819,0.123303142559011
"461",-0.657893499611049,-0.690961380169729
"462",-0.288906744456238,1.29442591357964
"463",-2.18958966727494,-3.14843120735698
"464",-0.85850191974185,-0.363295529437013
"465",0.971834400240427,3.43697398344698
"466",0.396303584554584,3.960250769346
"467",-1.96638832828936,-1.9911708592197
"468",1.22619477408488,3.91623645236102
"469",-1.48494541892529,-2.15391756901521
"470",-0.902660333262247,-1.35276127592134
"471",-1.04936141388433,-0.0118199286391121
"472",2.21682876261875,5.85044223192994
"473",-0.206072452153291,1.30779206574692
"474",-1.22680033432519,-2.8246139161832
"475",-0.772208551256795,0.148922451393566
"476",1.05369458539598,4.35009358030933
"477",0.512821831431251,2.05988532735243
"478",0.780476491002005,2.23602664657502
"479",0.384926888967095,3.42649854985786
"480",0.970885696696431,4.4005338151279
"481",-1.06174222033865,-0.0413420184869371
"482",-0.355147663099275,1.61936331170528
"483",-0.425485417631063,0.436844627345068
"484",0.3108334307748,2.39026533118506
"485",0.262165455879534,1.80119461929972
"486",-1.81341167013782,-3.98033840357998
"487",1.01113608335427,3.52257680453191
"488",0.498326159923808,1.54658925099189
"489",-0.997865984155363,-1.80807316371527
"490",-0.786488568200478,-0.164116514259512
"491",-0.175059698429367,1.43104436076826
"492",0.897577492050482,5.27041105542687
"493",0.0187993296676904,-0.745060384684412
"494",0.750208496762946,3.77726088283322
"495",1.55897941340768,1.76233742172899
"496",-0.860126455891678,-0.955859866996655
"497",1.47228118978557,4.10437587430166
"498",-0.207799046930685,1.97272762254368
"499",0.446037933055695,3.15917912751195
"500",-0.218499462509008,3.08487662194733
"501",0.722204769103732,3.22264122011351
"502",-2.09651829500237,-3.04187845716106
"503",-1.30910544523811,-1.50771934578886
"504",1.22893684201933,3.92128658028856
"505",0.451276656835273,1.52285653041336
"506",-0.0493508345243063,0.267720431829374
"507",0.779767302750356,4.07627011771143
"508",-1.60652027037765,-2.70933209793291
"509",-1.81597741066665,-2.93531405942312
"510",0.284876901902373,0.822588456451237
"511",-0.163108155098344,-0.0422422671752547
"512",-0.0836415968337168,2.47377420269969
"513",0.399618535100432,2.41551753261938
"514",-2.15068073591602,-3.7828753917557
"515",-2.40712141894619,-4.85016040224901
"516",2.50676787385598,5.88585850726115
"517",0.87796133423856,1.89395397714325
"518",1.37958795285709,1.44470741021554
"519",-1.64616417541963,-2.18910327155317
"520",0.560319490823565,3.74829722699931
"521",-0.995049911403973,-0.828211823605516
"522",1.20950911737706,3.0348353750996
"523",-0.56659571483844,-1.61122057701791
"524",-0.247374896834114,-0.761944986467132
"525",0.383044731582158,2.25879954990849
"526",0.469620378794346,1.51961743764166
"527",-0.546408550287138,-0.648210608534417
"528",-0.0222550819152329,-0.3707604401613
"529",-1.68904948811285,-3.55575403545248
"530",0.776069358849212,2.06899329138967
"531",0.68241526031406,2.16330150460326
"532",-1.11224489302905,-1.15329491417422
"533",-0.796404663044365,0.0414070365838822
"534",0.26219436820345,1.83092056010839
"535",0.143100129634602,3.06113883119526
"536",0.729567238483625,2.59463346235041
"537",0.228223316279251,2.49252181669019
"538",0.272381816709825,1.5828158370096
"539",0.0301467571603379,0.749173364883541
"540",-0.25091663873444,1.67348393497373
"541",-0.018095081209434,0.661021885833731
"542",-0.690496110660858,0.368571357785492
"543",1.82814939179872,5.09955404399619
"544",-1.3558301202689,-0.661760606830307
"545",-1.62839418594728,-3.50046030625512
"546",0.116294331510828,-0.230906257909101
"547",-0.408926393925731,0.447398193506192
"548",0.699521258704296,2.71932955609473
"549",0.611890328664975,2.79307082599382
"550",0.516797137264372,0.212138264973563
"551",3.64463305703375,9.67119859094576
"552",0.432660826654244,2.44372302327638
"553",1.71508283183182,4.99160704695899
"554",-0.0414273664712145,0.113924573749668
"555",0.0818033676492504,1.10449099199063
"556",-0.21198707910037,1.47976337527313
"557",1.2344532703967,3.65801891966992
"558",-0.0244190583916123,1.93713986322517
"559",-1.03443094559034,1.01399474227602
"560",-0.749226988572403,-2.29177843583444
"561",-1.46008864263962,-0.824610847176378
"562",-0.645441595759917,-0.103610660692138
"563",0.598339705195859,1.99469745273492
"564",-1.65875630916931,-1.81770485249792
"565",1.07515520650299,4.87824771434286
"566",1.0249834821074,4.87301687218538
"567",0.531261777949266,2.42434060455053
"568",-0.531254410640992,1.48980960440075
"569",-0.455212657562589,1.4965000288239
"570",-2.11173468688835,-5.46228856692083
"571",0.200588100181103,0.42394911499732
"572",1.1178461472693,2.51982456993535
"573",-0.568753252692165,-1.13791283584894
"574",-1.51322022970363,-2.10273432988764
"575",-1.16705239516232,-1.63210349811523
"576",-0.262917288300059,1.28368224278172
"577",1.42280248303683,3.22315917563641
"578",-1.83793625544708,-3.37508069789378
"579",0.855746698989887,3.70623291954907
"580",0.223330044606227,2.58462518984086
"581",-1.28312649967826,-0.633534529850695
"582",0.240017938118814,3.2089472496884
"583",0.105236677430509,-0.0670417277314552
"584",-0.887627337658084,-1.02276389675426
"585",0.259054249258783,0.779835999505676
"586",0.10223977948227,1.89051135474487
"587",0.84348588385283,1.78742964805486
"588",0.947088449985091,2.14360958154213
"589",0.0116907612632725,0.1917362264281
"590",0.984311916229339,3.23239083531421
"591",1.50748663010854,3.89518151196209
"592",-0.446907631046195,1.21475570745586
"593",-0.151566385183461,-0.792899836326454
"594",2.47259724612214,5.64467494329685
"595",-0.439724774651409,-0.16083111699008
"596",2.24268515256527,5.74936248906458
"597",-0.335317571857841,-0.627348144279475
"598",-0.486092471070841,0.340013599039336
"599",0.511796252358641,2.23642716109609
"600",-1.94524078531026,-4.18241436970727
"601",0.740122999208038,1.3412459077171
"602",-0.386522273859059,-0.798272479265573
"603",0.389569727043295,2.02151608637399
"604",-0.845560469768217,-0.886525091007113
"605",1.08718245324882,3.16746828115127
"606",-0.227023265131489,-0.411326681758223
"607",-0.487898673120733,1.13522299206423
"608",-1.59619335427432,-1.70722430563173
"609",-1.64051499779324,-2.42688079797577
"610",-0.757032561510911,-1.38588916806834
"611",-1.57150153017316,-1.69463346217088
"612",0.12428723994511,1.05233134732634
"613",-0.231491501989008,1.35319064534431
"614",1.03308090299693,4.4102314391746
"615",-0.109638976850819,0.844977315807772
"616",-1.16321033771753,-2.85959336310457
"617",1.38052968181623,3.94688667950397
"618",-0.139906612606794,-0.169096923056401
"619",0.223984500355762,0.374222316297731
"620",-0.579875456583738,-0.231290417431431
"621",0.195472526811741,1.68546320439546
"622",-0.158515465967812,1.50397892776504
"623",-1.15634325272179,-0.538569788381358
"624",-0.753597763690728,-1.19429966799689
"625",1.01580465116923,3.61617181278265
"626",0.479910921664438,2.49398494944017
"627",0.115363150438248,0.600217308116847
"628",-0.72479411915979,-0.316999221089466
"629",1.44617751530707,2.68570283753277
"630",0.216383808915721,2.06258001006255
"631",-1.10559469504907,-1.66209172078358
"632",0.731769528189453,1.03292009748675
"633",1.2260240742938,5.18320948953555
"634",-0.207492147380275,1.53360314660289
"635",1.9942210558498,3.57008693430925
"636",0.299066371334217,3.00738205983209
"637",2.0018967229837,3.45838245179398
"638",2.02756612141059,4.39176188423516
"639",-1.7280500959959,0.318623231172322
"640",-1.29150152176626,-1.12959220695787
"641",1.60170206537513,4.24188485711463
"642",-1.82139719120531,-2.72575209610746
"643",1.00067505621316,1.76566967153338
"644",0.91632157970579,4.66853318146254
"645",0.144885610327387,0.946360641073873
"646",0.884053397890089,1.92258266862173
"647",0.172900366910639,1.17088368026972
"648",0.69884501287817,2.25127075377535
"649",-0.123288403261333,1.94928651610225
"650",0.0872123232017049,0.940214238349088
"651",-0.300280003624248,-0.136116115936893
"652",-1.37433057999611,-0.445098569924245
"653",-0.672445457089388,0.637359285787265
"654",-1.91148713435865,-3.29270777358287
"655",0.230228247988821,1.37614616676445
"656",-2.09959465530167,-3.13208619896056
"657",-0.463854634720849,1.19515638544772
"658",2.00301326341016,5.41283897410499
"659",-0.855389627166862,-0.586770771555988
"660",-1.75246482094265,-1.09897311940994
"661",-0.657971875063504,0.597832847970346
"662",0.431434939491499,2.63139153990765
"663",-0.713990166269757,-0.886607432663979
"664",0.00652761883366543,2.05340702250829
"665",-0.148081790591596,-0.833271303005484
"666",0.606728254338509,2.88187019482848
"667",0.782294072890348,2.19383788421876
"668",0.300669973519138,1.83109779901869
"669",0.931407324647311,3.5475148273267
"670",0.148535867951398,0.55889262924305
"671",-0.842268632525701,-0.126827581249473
"672",-1.45559292090606,0.0406943085275229
"673",0.89973147688022,3.97913128301622
"674",-0.498136514506164,1.50046959165464
"675",0.499097306001534,1.50184641853472
"676",-0.624879395127195,0.305000074690732
"677",-0.357420233022852,0.995162860389717
"678",-0.00148479684219582,0.681465551973953
"679",-0.850417237873759,1.00986149213452
"680",1.3215284076805,4.73176477761201
"681",-0.408480869373288,-1.14498813009194
"682",0.524980884439099,1.10256067123775
"683",0.269283398330758,0.583357488481039
"684",0.912956240400894,1.48020975432388
"685",-0.356707406238628,-1.42962005972459
"686",-0.859248572327808,0.233313409203234
"687",0.868357228186162,3.42702728483204
"688",-0.772669074855355,-1.51694847271888
"689",-0.150415962220367,4.04560799735669
"690",-1.38842801039398,-0.76593777754444
"691",0.0790492238412846,1.82614290649256
"692",0.51043322786961,0.0348459044742333
"693",0.0279982996433307,2.96792946703221
"694",-1.60545606127858,-2.72799966875194
"695",-0.656015097753025,-0.223332072819236
"696",-1.94745544380827,-3.37625366219352
"697",-0.555269440721308,-0.411098923675718
"698",1.1041152483997,2.89946157508165
"699",2.61354904863713,5.20198812736465
"700",1.08780271637872,4.56459077247092
"701",-0.28084961409416,1.28038643200966
"702",-0.0222029579345479,0.542454002251415
"703",-0.854305467777074,-0.490482108278864
"704",-1.98200293600123,-3.49965050940159
"705",0.353441060025927,1.15192979995224
"706",-0.662249514121003,-2.08186633649811
"707",-0.0484381372349304,1.53400927405505
"708",-1.22242229690182,-0.0230553387072114
"709",-0.0213000887610541,1.82321425810477
"710",-0.632360362482989,-1.59484638412624
"711",2.2638309853942,4.17905245402838
"712",-0.358177940448432,0.850736287797828
"713",-0.831074562300056,-1.6806190865709
"714",-0.969704253739603,-0.868542130957872
"715",0.869927509715255,3.82575412552835
"716",-1.15717693993128,-1.31255324375363
"717",-1.50620952381669,0.785617666749423
"718",0.160691472767929,0.532839395725212
"719",-1.14949827123389,-1.76552910408776
"720",-0.641937011714385,-1.30711200423057
"721",0.00124574331681359,2.23357173062215
"722",-1.33101958413436,-1.73627030560611
"723",0.538271614143085,1.38045514576136
"724",-0.498915587112197,0.741354376113059
"725",-1.49701295378787,-1.67033330194158
"726",-0.561350241144684,1.07538754462774
"727",-0.131253189713087,-1.37345627475092
"728",2.79474274286702,5.54546520740911
"729",0.520296664706754,1.07946305280965
"730",-0.260725132539154,2.68247381477783
"731",-1.64696142338946,-0.976800811182138
"732",1.0780526530353,1.32415543934747
"733",-0.985932978872254,-0.792217161309323
"734",1.5856354467458,3.79587779633462
"735",0.865283639236357,1.15021169366034
"736",1.44517715915524,3.73557564118945
"737",1.51502829172911,6.09835434933073
"738",0.672691605607413,2.39691597948471
"739",1.15466451114056,4.7192784078874
"740",1.32308248764251,3.85141991448657
"741",-0.808895369895454,-2.13019891238902
"742",1.35369113230775,4.64699804882504
"743",-0.759148492196277,-1.81040398619729
"744",-0.91020779633446,-2.26804367941627
"745",-0.99570823014965,-1.75355706312462
"746",0.30531221712299,1.21321914409736
"747",0.872160704287577,2.22785900741274
"748",-0.0636000035814013,0.153193745537363
"749",1.07498380215874,2.51928736312443
"750",-0.366797412568544,0.835771933135909
"751",-0.340460065875194,-0.791040485183247
"752",-0.31972648160627,1.09571927339346
"753",-0.363006228100883,-0.330383760651854
"754",-0.623784498525623,0.0576422648876824
"755",-0.285156051023684,-0.90136853495451
"756",0.673581892522628,2.79537214262634
"757",1.50080554099918,4.64763231695277
"758",0.73034790770382,2.45694739903902
"759",-0.666213185970561,0.150600450825521
"760",0.630583801593267,3.92331203931168
"761",0.049032517879854,1.70772102386545
"762",-1.37643452272239,-0.491266734620923
"763",-0.576609167871471,0.0680488409778344
"764",-1.19418040739618,0.848988699352273
"765",0.484153723810892,2.28162331045088
"766",0.457663540080724,2.07841035071804
"767",0.950922877126363,2.28380213531685
"768",0.0310446492058976,2.75847752906677
"769",2.03417723929113,5.37503285183479
"770",0.607844558139593,1.50196455314767
"771",0.0224972290944745,0.605957943248667
"772",-0.200890653386985,0.925902033613021
"773",0.0867058714666172,1.14764096480459
"774",-1.10791493642143,-1.55681132831798
"775",-0.154500854689481,1.58423552547068
"776",1.46278484242725,3.38975668485231
"777",-0.916254692091595,0.351701899213812
"778",0.917636096422378,1.48361876962484
"779",-1.73231485697917,-1.85099934058292
"780",1.38285149963426,6.09947476088937
"781",-0.596120962559132,0.299670443523562
"782",1.38969571833952,3.53956584308092
"783",1.11679943831567,1.42229213381735
"784",0.365436888793058,1.30518700559479
"785",0.695349385613725,2.75183697019221
"786",-2.54842171894095,-3.59021039934245
"787",-0.322437236254069,1.10860818047624
"788",-1.44094204736676,-2.05766126506697
"789",-0.0333167328079122,1.1687002459501
"790",0.684823899210899,1.98693042997315
"791",0.250068479262703,2.55223975554788
"792",1.94174550758126,3.0826306248991
"793",2.16501351167786,5.47545320982629
"794",-0.166366380384302,-0.321588093866452
"795",-0.38285128071045,-0.968562212567736
"796",1.64518779069803,3.94566755440403
"797",-1.46066555441075,-2.94791151230983
"798",-1.73280317863154,-2.93345368524764
"799",-1.20762147104461,-2.82659241468566
"800",1.71350603743979,5.43208188991875
"801",0.640676647473164,3.44898924172971
"802",-0.535291078842289,-0.678917647829532
"803",0.632675896205684,2.54194381434804
"804",0.89954694205825,1.99459843860678
"805",-0.948385306842115,-1.15689897384188
"806",-0.0420132796041758,1.92249016085659
"807",-1.02368571557499,-1.74548156830056
"808",-0.189573106365753,0.695798366447007
"809",-0.584499535222167,0.608598887398128
"810",0.927032308952589,3.47050947419061
"811",-0.77153275729066,0.162937810504874
"812",-2.0613942706179,-3.43293503484127
"813",0.59409982615874,2.80849067414763
"814",0.0492738472528164,0.82197976638175
"815",-0.450866178364877,0.074991856958275
"816",1.17397107055949,3.81841224326297
"817",0.448357385111793,1.32704017491434
"818",-0.454947384746032,-0.290320937247202
"819",-0.0295974820363986,-1.57268475234396
"820",-1.49836449104599,-2.80256024186647
"821",0.820552755585086,2.89280080357337
"822",1.59729772102479,6.3729632891684
"823",1.50940810139488,5.36200695965547
"824",1.21792091777116,4.58916679640659
"825",0.255782434242499,1.27692553580114
"826",-0.695098422618463,0.664458396441083
"827",0.204702276436337,1.94995781836066
"828",-0.452774159029415,0.11184418994061
"829",0.702297001704822,2.10986524783908
"830",0.471736219866244,1.95766537552583
"831",0.319719907939168,0.0943965702737537
"832",0.184292999318212,1.14665760995709
"833",-1.48187153434139,1.11324286882565
"834",-0.164615032522888,0.469211165488544
"835",-2.41068368078238,-4.57166769131238
"836",0.775275530316371,2.77450339464885
"837",-0.842359365447181,-0.847592339398035
"838",-1.49007691725543,-2.88060504656513
"839",0.0890607428430063,-0.73740490454981
"840",0.770844101257734,3.40775648818633
"841",-0.447433634918546,1.97829646896027
"842",-0.603948154699057,-2.34636935019982
"843",1.12653015233938,3.80207678227298
"844",-1.42896647119222,-3.49402980024624
"845",1.43399310187223,4.96591038125894
"846",0.21828108527941,2.2787168242551
"847",-1.72868056879895,-2.05063737372915
"848",1.33264617122892,2.85334232956412
"849",-1.608025887731,-1.06896177135703
"850",2.02475370685108,5.54799960408678
"851",-0.484963889736965,-0.482439677502106
"852",0.273109699666272,1.07542552984551
"853",-0.853580417543535,0.850246586030421
"854",1.43864238729764,4.66372803507697
"855",-0.180378999981244,1.29859869196237
"856",0.262664738035045,1.33162739041043
"857",0.384940548757087,-0.155624356428248
"858",2.20847484417173,5.7155003284346
"859",0.346604290454556,1.88404963022627
"860",-1.47829493403661,-1.34045343254109
"861",-0.73605699327077,0.48515916244206
"862",0.0153008543544846,1.11177451045255
"863",-2.22711537830083,-2.96389917286799
"864",-0.768804290149099,-2.29024954577433
"865",0.398085947327602,1.52613783984589
"866",0.371293488395835,2.77631265772372
"867",0.955156646167482,2.74032013027501
"868",0.105579056313454,2.25373678317092
"869",-0.724233272719709,-2.60699764358791
"870",0.66245125279092,2.59807980872816
"871",1.49370552327701,3.14233731181934
"872",0.788724212279646,2.57040029768083
"873",-0.326749261273832,-1.62731959625174
"874",-0.547809129646081,1.71656578553885
"875",0.55726713398171,2.10975837429211
"876",1.57276120917239,5.185333001423
"877",0.364872311562018,0.9331882354069
"878",1.03480489938453,3.32827306352977
"879",-2.1873094861044,-5.26570567846609
"880",2.58073181037855,6.05580070343166
"881",-0.831720603354518,-0.746844149916586
"882",0.189808159370882,0.996204601632839
"883",0.702094930325884,0.156790624718147
"884",-1.15242543369751,0.107875091183611
"885",0.527761416261234,1.46794856951306
"886",-0.381067477841874,1.97678407153683
"887",-0.659474255437772,-0.612619506999341
"888",1.41792967087089,4.82957841585168
"889",1.53539611067583,3.69515543174389
"890",1.1575504775256,2.50253394766461
"891",1.19517345165984,4.37890070277799
"892",-0.709759010828431,-1.00929305789933
"893",0.928522993614917,3.98890011501503
"894",-0.294554193094497,-0.676654470308133
"895",-1.50467114494453,-3.08681124778257
"896",-0.449397900558471,-0.218030668276236
"897",0.614984319658865,1.19926159139303
"898",-0.0341508230017878,1.41014579247648
"899",-0.463502050177523,1.20104102579566
"900",-0.481948570341127,1.2015081636434
"901",0.468609393173473,-0.775815773465148
"902",0.729032450021902,3.01883551117049
"903",-1.06900855848956,-0.255036769437961
"904",1.15593781184019,4.66590229799135
"905",1.08110870934776,2.06600859793282
"906",-1.17663894769153,-0.381914524549141
"907",-0.688459965702105,-0.748162807708451
"908",1.18310528407066,4.25342619860428
"909",0.513668489452385,2.44547908565226
"910",0.872400382155873,2.35879598667289
"911",0.15587193273472,1.17081116725648
"912",0.631653832102897,0.715282655375868
"913",1.37068262276582,4.45092733242197
"914",-0.449717798076954,-0.582560563451183
"915",0.697395160055939,2.47650927765804
"916",-1.24079473397932,-1.04126212609994
"917",-0.171015917237511,-1.39895846703206
"918",-0.49492101233337,0.956776300040931
"919",0.841141485723883,5.52619617567778
"920",-2.08885317145131,-5.16351053785487
"921",-1.50481694622641,-1.65230060688636
"922",-0.718006761271987,-0.576682355982877
"923",0.17088147816285,1.82946067751927
"924",-0.214921937018477,2.01401675055883
"925",-0.749589913599375,-0.053315962950199
"926",2.14355851186458,4.08577017332739
"927",0.335106035197198,1.25085712527215
"928",0.00665382837891888,1.0805359476895
"929",0.0622063261130108,2.45615132153655
"930",0.525306443940782,3.89116361029861
"931",0.807880754005302,2.67888644080601
"932",-0.0951384993333369,0.275639421496859
"933",0.00456765996539769,0.721099275142165
"934",0.118868139703627,0.11486421574572
"935",-0.427818249711671,1.72728200279353
"936",0.708854231997543,2.07466220760699
"937",0.851593814460442,2.70781689878175
"938",-0.331848943863251,-0.757292120989928
"939",-1.36187244812035,-1.77578776211801
"940",0.676163420327554,2.66825968948165
"941",2.4395608238333,5.46789100837485
"942",-1.0958732302671,-2.68067440767592
"943",-0.389620866045958,0.418711792214744
"944",-1.25638197438271,-2.61017333551511
"945",-0.137656072147491,1.45785724754239
"946",0.14205488351222,0.237317817115618
"947",-0.100144443468637,-0.0900420891188901
"948",1.29692554222857,3.93325683609435
"949",1.12432981729423,3.05380042858542
"950",-0.0869347762584711,1.52343729187796
"951",2.54410832852524,6.89591311537115
"952",-0.551124429201632,0.33247503534918
"953",0.0410799588077168,2.44164360050115
"954",0.437571093442613,3.6296467559058
"955",-0.489653106015002,-0.0407458957578174
"956",1.01139997524091,5.42163815064416
"957",0.537667797268417,2.6247724889101
"958",-0.0271447793309353,0.296199729558223
"959",0.818479859387199,2.64886627841106
"960",-1.6940048924704,-2.61916048050503
"961",-0.110893814474247,0.973764221298056
"962",1.74573893315481,1.37712909218592
"963",-0.941832344510568,-0.859338650812177
"964",-0.785265570665119,-1.27608477839547
"965",0.136567206358926,3.0848744217216
"966",0.452845929062982,2.83124932963648
"967",0.952806473053933,1.41805210662432
"968",-1.08833981351372,0.374032839032965
"969",-0.872688167107627,-1.01325803570371
"970",-0.705168723513793,-0.127534149352223
"971",-0.610348132138868,-1.28011512192759
"972",-0.0341303144540128,2.08782699249879
"973",-0.323351724900448,0.150749166417891
"974",0.640893321907393,1.07884846207194
"975",-0.424535461496704,-0.693555740960718
"976",1.03299000889443,1.8763735262733
"977",-0.654109841113752,1.02741122038809
"978",0.482900956157357,2.71695684835318
"979",-0.802722699873372,1.63837421525743
"980",0.658795985720956,3.21847558167055
"981",-0.463885312106137,1.3647888486407
"982",0.470103822737087,2.9726846475217
"983",0.0496172081477213,0.246075878280695
"984",-0.0875993711136829,0.955524621175556
"985",-0.323676360391707,-1.06611711149941
"986",0.367609456130184,1.30716980206241
"987",0.174844645974511,2.59004256384882
"988",0.444752740836703,0.344515157305499
"989",0.223527786019342,-0.793238452851754
"990",-1.68144439713498,-2.17609482031998
"991",0.648040031786983,1.65273273803202
"992",0.521871026663768,1.93067071920134
"993",-0.349995499780357,0.602902650148478
"994",-1.21312583081018,-1.86580185698988
"995",0.684208060692258,1.96517955643909
"996",-0.216086184093603,-0.495366108138731
"997",-0.353762327861118,1.70924532026141
"998",0.476580662058661,1.46633765263753
"999",0.964392991315531,1.10012558532252
"1000",1.0299154225468,2.81248519289794
